393,391,ZLkf/+zkDg9N7h9aMqkb2d93ipg=,507dOFsLWYT/x+qzRlgkGF+aTiA=
393,392,ZLkf/+zkDg9N7h9aMqkb2d93ipg=,507dOFsLWYT/x+qzRlgkGF+aTiA=
390,387,ZLkf/+zkDg9N7h9aMqkb2d93ipg=,4vkNwkdLVe5F28Q1JDo1pBqY6uQ=
389,387,ZLkf/+zkDg9N7h9aMqkb2d93ipg=,4vkNwkdLVe5F28Q1JDo1pBqY6uQ=
391,388,ZLkf/+zkDg9N7h9aMqkb2d93ipg=,4vkNwkdLVe5F28Q1JDo1pBqY6uQ=
392,388,ZLkf/+zkDg9N7h9aMqkb2d93ipg=,507dOFsLWYT/x+qzRlgkGF+aTiA=
391,387,ZLkf/+zkDg9N7h9aMqkb2d93ipg=,4vkNwkdLVe5F28Q1JDo1pBqY6uQ=
393,390,ZLkf/+zkDg9N7h9aMqkb2d93ipg=,507dOFsLWYT/x+qzRlgkGF+aTiA=
393,389,ZLkf/+zkDg9N7h9aMqkb2d93ipg=,507dOFsLWYT/x+qzRlgkGF+aTiA=
392,389,ZLkf/+zkDg9N7h9aMqkb2d93ipg=,507dOFsLWYT/x+qzRlgkGF+aTiA=
392,392,ZLkf/+zkDg9N7h9aMqkb2d93ipg=,507dOFsLWYT/x+qzRlgkGF+aTiA=
391,392,ZLkf/+zkDg9N7h9aMqkb2d93ipg=,507dOFsLWYT/x+qzRlgkGF+aTiA=
390,392,ZLkf/+zkDg9N7h9aMqkb2d93ipg=,507dOFsLWYT/x+qzRlgkGF+aTiA=
392,391,ZLkf/+zkDg9N7h9aMqkb2d93ipg=,507dOFsLWYT/x+qzRlgkGF+aTiA=
392,390,ZLkf/+zkDg9N7h9aMqkb2d93ipg=,507dOFsLWYT/x+qzRlgkGF+aTiA=
390,388,ZLkf/+zkDg9N7h9aMqkb2d93ipg=,4vkNwkdLVe5F28Q1JDo1pBqY6uQ=
389,392,ZLkf/+zkDg9N7h9aMqkb2d93ipg=,4vkNwkdLVe5F28Q1JDo1pBqY6uQ=
389,388,ZLkf/+zkDg9N7h9aMqkb2d93ipg=,4vkNwkdLVe5F28Q1JDo1pBqY6uQ=
388,387,ZLkf/+zkDg9N7h9aMqkb2d93ipg=,4vkNwkdLVe5F28Q1JDo1pBqY6uQ=
391,391,ZLkf/+zkDg9N7h9aMqkb2d93ipg=,4vkNwkdLVe5F28Q1JDo1pBqY6uQ=
389,391,ZLkf/+zkDg9N7h9aMqkb2d93ipg=,4vkNwkdLVe5F28Q1JDo1pBqY6uQ=
391,389,ZLkf/+zkDg9N7h9aMqkb2d93ipg=,4vkNwkdLVe5F28Q1JDo1pBqY6uQ=
388,388,ZLkf/+zkDg9N7h9aMqkb2d93ipg=,4vkNwkdLVe5F28Q1JDo1pBqY6uQ=
391,390,ZLkf/+zkDg9N7h9aMqkb2d93ipg=,4vkNwkdLVe5F28Q1JDo1pBqY6uQ=
390,391,ZLkf/+zkDg9N7h9aMqkb2d93ipg=,4vkNwkdLVe5F28Q1JDo1pBqY6uQ=
390,386,ZLkf/+zkDg9N7h9aMqkb2d93ipg=,4vkNwkdLVe5F28Q1JDo1pBqY6uQ=
390,389,ZLkf/+zkDg9N7h9aMqkb2d93ipg=,4vkNwkdLVe5F28Q1JDo1pBqY6uQ=
390,390,ZLkf/+zkDg9N7h9aMqkb2d93ipg=,4vkNwkdLVe5F28Q1JDo1pBqY6uQ=
389,389,ZLkf/+zkDg9N7h9aMqkb2d93ipg=,4vkNwkdLVe5F28Q1JDo1pBqY6uQ=
389,386,ZLkf/+zkDg9N7h9aMqkb2d93ipg=,4vkNwkdLVe5F28Q1JDo1pBqY6uQ=
389,390,ZLkf/+zkDg9N7h9aMqkb2d93ipg=,4vkNwkdLVe5F28Q1JDo1pBqY6uQ=
391,386,ZLkf/+zkDg9N7h9aMqkb2d93ipg=,4vkNwkdLVe5F28Q1JDo1pBqY6uQ=
392,393,ZLkf/+zkDg9N7h9aMqkb2d93ipg=,507dOFsLWYT/x+qzRlgkGF+aTiA=
391,393,ZLkf/+zkDg9N7h9aMqkb2d93ipg=,507dOFsLWYT/x+qzRlgkGF+aTiA=
389,393,ZLkf/+zkDg9N7h9aMqkb2d93ipg=,4vkNwkdLVe5F28Q1JDo1pBqY6uQ=
393,393,ZLkf/+zkDg9N7h9aMqkb2d93ipg=,507dOFsLWYT/x+qzRlgkGF+aTiA=
390,393,ZLkf/+zkDg9N7h9aMqkb2d93ipg=,507dOFsLWYT/x+qzRlgkGF+aTiA=
388,392,ZLkf/+zkDg9N7h9aMqkb2d93ipg=,4vkNwkdLVe5F28Q1JDo1pBqY6uQ=
388,386,ZLkf/+zkDg9N7h9aMqkb2d93ipg=,4vkNwkdLVe5F28Q1JDo1pBqY6uQ=
388,391,ZLkf/+zkDg9N7h9aMqkb2d93ipg=,4vkNwkdLVe5F28Q1JDo1pBqY6uQ=
393,388,ZLkf/+zkDg9N7h9aMqkb2d93ipg=,507dOFsLWYT/x+qzRlgkGF+aTiA=
388,393,ZLkf/+zkDg9N7h9aMqkb2d93ipg=,4vkNwkdLVe5F28Q1JDo1pBqY6uQ=
388,390,ZLkf/+zkDg9N7h9aMqkb2d93ipg=,4vkNwkdLVe5F28Q1JDo1pBqY6uQ=
388,389,ZLkf/+zkDg9N7h9aMqkb2d93ipg=,4vkNwkdLVe5F28Q1JDo1pBqY6uQ=
