6,-15,ZLkf/+zkDg9N7h9aMqkb2d93ipg=,3ptmtMmSryvi/y4m7wPrbwQuLWA=
7,-15,ZLkf/+zkDg9N7h9aMqkb2d93ipg=,3ptmtMmSryvi/y4m7wPrbwQuLWA=
6,-14,2nuuK9T1uLRNqLognHQ1ACuh8YA=,3ptmtMmSryvi/y4m7wPrbwQuLWA=
7,-14,2nuuK9T1uLRNqLognHQ1ACuh8YA=,3ptmtMmSryvi/y4m7wPrbwQuLWA=
6,-13,2nuuK9T1uLRNqLognHQ1ACuh8YA=,3ptmtMmSryvi/y4m7wPrbwQuLWA=
7,-13,2nuuK9T1uLRNqLognHQ1ACuh8YA=,3ptmtMmSryvi/y4m7wPrbwQuLWA=
2,-8,2nuuK9T1uLRNqLognHQ1ACuh8YA=,erfEm9+SA6fSdMmoqw478ODZqr0=
3,-8,2nuuK9T1uLRNqLognHQ1ACuh8YA=,erfEm9+SA6fSdMmoqw478ODZqr0=
4,-8,2nuuK9T1uLRNqLognHQ1ACuh8YA=,erfEm9+SA6fSdMmoqw478ODZqr0=
2,-7,2nuuK9T1uLRNqLognHQ1ACuh8YA=,erfEm9+SA6fSdMmoqw478ODZqr0=
3,-7,ngpRn0SlNWiv2t1K/lg6sNO3Akw=,erfEm9+SA6fSdMmoqw478ODZqr0=
4,-7,ngpRn0SlNWiv2t1K/lg6sNO3Akw=,erfEm9+SA6fSdMmoqw478ODZqr0=
2,-6,ngpRn0SlNWiv2t1K/lg6sNO3Akw=,erfEm9+SA6fSdMmoqw478ODZqr0=
3,-6,ngpRn0SlNWiv2t1K/lg6sNO3Akw=,erfEm9+SA6fSdMmoqw478ODZqr0=
4,-6,ngpRn0SlNWiv2t1K/lg6sNO3Akw=,aORiDo/fnEuPE7S8++EiE8Somlk=
0,-5,ngpRn0SlNWiv2t1K/lg6sNO3Akw=,erfEm9+SA6fSdMmoqw478ODZqr0=
1,-5,ngpRn0SlNWiv2t1K/lg6sNO3Akw=,xeGKwubxk84tc2oDluxTP0Zf2RE=
2,-5,ngpRn0SlNWiv2t1K/lg6sNO3Akw=,6g/SXhziaHNqL1gNkSf9XzarGIc=
3,-5,xEjwhMsnGMON7GZ5UGLdnC55Wb4=,FjvAscpSSAXWK0KHbTeuSUyYu4k=
4,-5,xEjwhMsnGMON7GZ5UGLdnC55Wb4=,WyJy8UaMnC7A6toXwX/sJWe+lak=
0,-4,xEjwhMsnGMON7GZ5UGLdnC55Wb4=,xeGKwubxk84tc2oDluxTP0Zf2RE=
1,-4,xEjwhMsnGMON7GZ5UGLdnC55Wb4=,FjvAscpSSAXWK0KHbTeuSUyYu4k=
2,-4,xEjwhMsnGMON7GZ5UGLdnC55Wb4=,UhgFFnbVis70S5FYTJ9EDoNyq2s=
3,-4,xEjwhMsnGMON7GZ5UGLdnC55Wb4=,UhgFFnbVis70S5FYTJ9EDoNyq2s=
4,-4,xEjwhMsnGMON7GZ5UGLdnC55Wb4=,WyJy8UaMnC7A6toXwX/sJWe+lak=
0,-3,pSrPtvSis4iyfVLxfORVDkrrGWU=,JOHT8E6ZZHknO9eAhmHln56L2FA=
1,-3,pSrPtvSis4iyfVLxfORVDkrrGWU=,kWEQes4cTxHjMiT17D02LR+XyGA=
2,-3,pSrPtvSis4iyfVLxfORVDkrrGWU=,Az0HC5aRsDP3WXijSRBcVYw3FkM=
3,-3,pSrPtvSis4iyfVLxfORVDkrrGWU=,wp3rHfwYKhE4Enf7YCCitJJM5Fc=
4,-3,pSrPtvSis4iyfVLxfORVDkrrGWU=,WyJy8UaMnC7A6toXwX/sJWe+lak=
5,-3,pSrPtvSis4iyfVLxfORVDkrrGWU=,erfEm9+SA6fSdMmoqw478ODZqr0=
0,-2,CHgS7gmGo5hfF5IoxlNeJx6h4m8=,JOHT8E6ZZHknO9eAhmHln56L2FA=
1,-2,CHgS7gmGo5hfF5IoxlNeJx6h4m8=,f7ldG0KQI6yUnstenx2BnI3Qn+Q=
2,-2,CHgS7gmGo5hfF5IoxlNeJx6h4m8=,LY+EIM3dCHLzITNlXkpvp2xpJX8=
3,-2,CHgS7gmGo5hfF5IoxlNeJx6h4m8=,Csl+ah3+c30meuXdJbQ/2Hv0nog=
4,-2,CHgS7gmGo5hfF5IoxlNeJx6h4m8=,4OssUTskUZBc1Y5Fsl/CvCmCf5M=
5,-2,CHgS7gmGo5hfF5IoxlNeJx6h4m8=,aORiDo/fnEuPE7S8++EiE8Somlk=
0,-1,6Ih5SvUXo1BWR7UfaEw2JYx0loU=,umvpk/8fyhvUUS1J0EY330FB4D0=
1,-1,6Ih5SvUXo1BWR7UfaEw2JYx0loU=,HaaiPt7Yo53fjlsSRmYr8S80lZU=
2,-1,6Ih5SvUXo1BWR7UfaEw2JYx0loU=,HaaiPt7Yo53fjlsSRmYr8S80lZU=
3,-1,6Ih5SvUXo1BWR7UfaEw2JYx0loU=,HaaiPt7Yo53fjlsSRmYr8S80lZU=
4,-1,6Ih5SvUXo1BWR7UfaEw2JYx0loU=,HaaiPt7Yo53fjlsSRmYr8S80lZU=
5,-1,6Ih5SvUXo1BWR7UfaEw2JYx0loU=,7rarjJfvMNYMalJ0q41VKi+useA=
6,-1,6Ih5SvUXo1BWR7UfaEw2JYx0loU=,erfEm9+SA6fSdMmoqw478ODZqr0=
